{"cameraMode":{"drawMode":0,"name":"Shaded","section":"Shading Mode"},"sceneLighting":true,"audioPlay":false,"sceneViewState":{"showFog":true,"showMaterialUpdate":false,"showSkybox":true,"showFlares":true,"showImageEffects":true,"showParticleSystems":true},"in2DMode":false,"pivot":{"x":-3.6465752124786379,"y":0.09364008903503418,"z":-2.9463045597076418},"rotation":{"x":-0.07248767465353012,"y":0.891845166683197,"z":-0.15429385006427766,"w":-0.4189909100532532},"size":17.30230140686035,"orthographic":false}